,CalendarClass,Position,Specific_lr,Type_calendar,PICP_mean,MPIW_mean,mean_last_train_loss,std_of_lasts_train_loss,mean_last_valid_loss,std_of_lasts_valid_loss,best_mean_train_loss,std_of_best_mean_train_loss,best_mean_valid_loss,std_of_best_mean_valid_loss
0,3,input,True,tuple,0.9997704029083252,1.1760258674621582,0.08489304780960083,,0.05879189446568489,,0.08489304780960083,,0.05879189446568489,
1,1,input,True,tuple,0.9680867195129395,0.6516864895820618,0.05630269646644592,,0.03630270063877106,,0.05630269646644592,,0.03630270063877106,
2,3,input,False,tuple,0.9990816116333008,1.0448579788208008,0.08178773522377014,,0.05226941779255867,,0.08178773522377014,,0.05226941779255867,
